core.externalId,core.name,core.description,core.businessDescription,core.businessName,core.reference,esri.arcgis.custom.Copyright,esri.arcgis.custom.HasVersionedData,esri.arcgis.custom.MaxRecordCount,esri.arcgis.custom.hasArchivedData,esri.arcgis.custom.supportedQueryFormats,esri.arcgis.custom.supportsQueryDataElements,esri.arcgis.custom.type,esri.arcgis.custom.units,core.technicalDescription,esri.arcgis.custom.restServicesLink
arcgis/CHaviation/Airport_Boundaries,CHaviation/Airport_Boundaries,"<a href=""https://caltrans-gis.dot.ca.gov/arcgis/rest/services/CHaviation/Airport_Boundaries/MapServer"">ArcGIS REST Services Directory Link</a><br/><a href=""https://www.arcgis.com/apps/mapviewer/index.html?url=https://caltrans-gis.dot.ca.gov/arcgis/rest/services/CHaviation/Airport_Boundaries/MapServer&source=sd"">ArcGIS Map Link</a><br/><a href=""https://caltrans-gis.dot.ca.gov/arcgis/rest/services/CHaviation/Airport_Boundaries/MapServer/query"">ArcGIS Query Link</a",,,FALSE,,,2000,,"JSON, geoJSON, PBF",True,,esriMeters,,
arcgis/CHaviation/Airport_Runways,CHaviation/Airport_Runways,"<a href=""https://caltrans-gis.dot.ca.gov/arcgis/rest/services/CHaviation/Airport_Runways/MapServer"">ArcGIS REST Services Directory Link</a><br/><a href=""https://www.arcgis.com/apps/mapviewer/index.html?url=https://caltrans-gis.dot.ca.gov/arcgis/rest/services/CHaviation/Airport_Runways/MapServer&source=sd"">ArcGIS Map Link</a><br/><a href=""https://caltrans-gis.dot.ca.gov/arcgis/rest/services/CHaviation/Airport_Runways/MapServer/query"">ArcGIS Query Link</a",,,FALSE,,,2000,,"JSON, geoJSON, PBF",True,,esriMeters,,
arcgis/CHaviation/AWOS,CHaviation/AWOS,"<a href=""https://caltrans-gis.dot.ca.gov/arcgis/rest/services/CHaviation/AWOS/MapServer"">ArcGIS REST Services Directory Link</a><br/><a href=""https://www.arcgis.com/apps/mapviewer/index.html?url=https://caltrans-gis.dot.ca.gov/arcgis/rest/services/CHaviation/AWOS/MapServer&source=sd"">ArcGIS Map Link</a><br/><a href=""https://caltrans-gis.dot.ca.gov/arcgis/rest/services/CHaviation/AWOS/MapServer/query"">ArcGIS Query Link</a",,,FALSE,,,2000,,"JSON, geoJSON, PBF",True,,esriMeters,,
arcgis/CHaviation/Hospital_Heliports,CHaviation/Hospital_Heliports,"<a href=""https://caltrans-gis.dot.ca.gov/arcgis/rest/services/CHaviation/Hospital_Heliports/MapServer"">ArcGIS REST Services Directory Link</a><br/><a href=""https://www.arcgis.com/apps/mapviewer/index.html?url=https://caltrans-gis.dot.ca.gov/arcgis/rest/services/CHaviation/Hospital_Heliports/MapServer&source=sd"">ArcGIS Map Link</a><br/><a href=""https://caltrans-gis.dot.ca.gov/arcgis/rest/services/CHaviation/Hospital_Heliports/MapServer/query"">ArcGIS Query Link</a",,,FALSE,,,2000,,"JSON, geoJSON, PBF",True,,esriMeters,,
arcgis/CHaviation/Military_Airport,CHaviation/Military_Airport,"<a href=""https://caltrans-gis.dot.ca.gov/arcgis/rest/services/CHaviation/Military_Airport/MapServer"">ArcGIS REST Services Directory Link</a><br/><a href=""https://www.arcgis.com/apps/mapviewer/index.html?url=https://caltrans-gis.dot.ca.gov/arcgis/rest/services/CHaviation/Military_Airport/MapServer&source=sd"">ArcGIS Map Link</a><br/><a href=""https://caltrans-gis.dot.ca.gov/arcgis/rest/services/CHaviation/Military_Airport/MapServer/query"">ArcGIS Query Link</a",,,FALSE,,,2000,,"JSON, geoJSON, PBF",True,,esriMeters,,
arcgis/CHaviation/Public_Airport,CHaviation/Public_Airport,"<a href=""https://caltrans-gis.dot.ca.gov/arcgis/rest/services/CHaviation/Public_Airport/MapServer"">ArcGIS REST Services Directory Link</a><br/><a href=""https://www.arcgis.com/apps/mapviewer/index.html?url=https://caltrans-gis.dot.ca.gov/arcgis/rest/services/CHaviation/Public_Airport/MapServer&source=sd"">ArcGIS Map Link</a><br/><a href=""https://caltrans-gis.dot.ca.gov/arcgis/rest/services/CHaviation/Public_Airport/MapServer/query"">ArcGIS Query Link</a",,,FALSE,,,2000,,"JSON, geoJSON, PBF",True,,esriMeters,,
arcgis/CHboundary/Adjusted_Urban_Area,CHboundary/Adjusted_Urban_Area,"<a href=""https://caltrans-gis.dot.ca.gov/arcgis/rest/services/CHboundary/Adjusted_Urban_Area/MapServer"">ArcGIS REST Services Directory Link</a><br/><a href=""https://www.arcgis.com/apps/mapviewer/index.html?url=https://caltrans-gis.dot.ca.gov/arcgis/rest/services/CHboundary/Adjusted_Urban_Area/MapServer&source=sd"">ArcGIS Map Link</a><br/><a href=""https://caltrans-gis.dot.ca.gov/arcgis/rest/services/CHboundary/Adjusted_Urban_Area/MapServer/query"">ArcGIS Query Link</a",,,FALSE,,,2000,,"JSON, geoJSON, PBF",True,,esriDecimalDegrees,,
arcgis/CHboundary/Assembly_Districts,CHboundary/Assembly_Districts,"<a href=""https://caltrans-gis.dot.ca.gov/arcgis/rest/services/CHboundary/Assembly_Districts/MapServer"">ArcGIS REST Services Directory Link</a><br/><a href=""https://www.arcgis.com/apps/mapviewer/index.html?url=https://caltrans-gis.dot.ca.gov/arcgis/rest/services/CHboundary/Assembly_Districts/MapServer&source=sd"">ArcGIS Map Link</a><br/><a href=""https://caltrans-gis.dot.ca.gov/arcgis/rest/services/CHboundary/Assembly_Districts/MapServer/query"">ArcGIS Query Link</a",,,FALSE,,,2000,,"JSON, geoJSON, PBF",True,,esriMeters,,
arcgis/CHboundary/Caltrans_Regions,CHboundary/Caltrans_Regions,"<a href=""https://caltrans-gis.dot.ca.gov/arcgis/rest/services/CHboundary/Caltrans_Regions/MapServer"">ArcGIS REST Services Directory Link</a><br/><a href=""https://www.arcgis.com/apps/mapviewer/index.html?url=https://caltrans-gis.dot.ca.gov/arcgis/rest/services/CHboundary/Caltrans_Regions/MapServer&source=sd"">ArcGIS Map Link</a><br/><a href=""https://caltrans-gis.dot.ca.gov/arcgis/rest/services/CHboundary/Caltrans_Regions/MapServer/query"">ArcGIS Query Link</a",,,FALSE,,,2000,,"JSON, geoJSON, PBF",True,,esriMeters,,
arcgis/CHboundary/Congressional_Districts,CHboundary/Congressional_Districts,"<a href=""https://caltrans-gis.dot.ca.gov/arcgis/rest/services/CHboundary/Congressional_Districts/MapServer"">ArcGIS REST Services Directory Link</a><br/><a href=""https://www.arcgis.com/apps/mapviewer/index.html?url=https://caltrans-gis.dot.ca.gov/arcgis/rest/services/CHboundary/Congressional_Districts/MapServer&source=sd"">ArcGIS Map Link</a><br/><a href=""https://caltrans-gis.dot.ca.gov/arcgis/rest/services/CHboundary/Congressional_Districts/MapServer/query"">ArcGIS Query Link</a",,,FALSE,"U.S. Census Bureau, United States House of Representatives",,2000,,"JSON, geoJSON, PBF",True,,esriMeters,"California 118th Congressional Districts represents the political boundaries for the 118th congressional districts. The official membership is current as of February 1, 2023 (Updated by Caltrans, HQ GIS Branch.) The congressional districts for the 118th Congress (January 2023 to 2025) are the first Congressional Districts base on 2020 Census data. The original data was from the TIGER/Line shapefile. The district membership attributes are sourced from the United States House of Representatives.Public access level: Public",
arcgis/CHboundary/County_Boundaries,CHboundary/County_Boundaries,"<a href=""https://caltrans-gis.dot.ca.gov/arcgis/rest/services/CHboundary/County_Boundaries/MapServer"">ArcGIS REST Services Directory Link</a><br/><a href=""https://www.arcgis.com/apps/mapviewer/index.html?url=https://caltrans-gis.dot.ca.gov/arcgis/rest/services/CHboundary/County_Boundaries/MapServer&source=sd"">ArcGIS Map Link</a><br/><a href=""https://caltrans-gis.dot.ca.gov/arcgis/rest/services/CHboundary/County_Boundaries/MapServer/query"">ArcGIS Query Link</a",,,FALSE,,,2000,,"JSON, geoJSON, PBF",True,,esriMeters,,
arcgis/CHboundary/County_Tiger_Lines,CHboundary/County_Tiger_Lines,"<a href=""https://caltrans-gis.dot.ca.gov/arcgis/rest/services/CHboundary/County_Tiger_Lines/MapServer"">ArcGIS REST Services Directory Link</a><br/><a href=""https://www.arcgis.com/apps/mapviewer/index.html?url=https://caltrans-gis.dot.ca.gov/arcgis/rest/services/CHboundary/County_Tiger_Lines/MapServer&source=sd"">ArcGIS Map Link</a><br/><a href=""https://caltrans-gis.dot.ca.gov/arcgis/rest/services/CHboundary/County_Tiger_Lines/MapServer/query"">ArcGIS Query Link</a",,,FALSE,,,2000,,"JSON, geoJSON, PBF",True,,esriMeters,,
arcgis/CHboundary/District_Tiger_Lines,CHboundary/District_Tiger_Lines,"<a href=""https://caltrans-gis.dot.ca.gov/arcgis/rest/services/CHboundary/District_Tiger_Lines/MapServer"">ArcGIS REST Services Directory Link</a><br/><a href=""https://www.arcgis.com/apps/mapviewer/index.html?url=https://caltrans-gis.dot.ca.gov/arcgis/rest/services/CHboundary/District_Tiger_Lines/MapServer&source=sd"">ArcGIS Map Link</a><br/><a href=""https://caltrans-gis.dot.ca.gov/arcgis/rest/services/CHboundary/District_Tiger_Lines/MapServer/query"">ArcGIS Query Link</a",,,FALSE,,,2000,,"JSON, geoJSON, PBF",True,,esriMeters,,
arcgis/CHboundary/MPO_Boundaries,CHboundary/MPO_Boundaries,"<a href=""https://caltrans-gis.dot.ca.gov/arcgis/rest/services/CHboundary/MPO_Boundaries/MapServer"">ArcGIS REST Services Directory Link</a><br/><a href=""https://www.arcgis.com/apps/mapviewer/index.html?url=https://caltrans-gis.dot.ca.gov/arcgis/rest/services/CHboundary/MPO_Boundaries/MapServer&source=sd"">ArcGIS Map Link</a><br/><a href=""https://caltrans-gis.dot.ca.gov/arcgis/rest/services/CHboundary/MPO_Boundaries/MapServer/query"">ArcGIS Query Link</a",,,FALSE,,,2000,,"JSON, geoJSON, PBF",True,,esriMeters,,
arcgis/CHboundary/RTPA_Boundaries,CHboundary/RTPA_Boundaries,"<a href=""https://caltrans-gis.dot.ca.gov/arcgis/rest/services/CHboundary/RTPA_Boundaries/MapServer"">ArcGIS REST Services Directory Link</a><br/><a href=""https://www.arcgis.com/apps/mapviewer/index.html?url=https://caltrans-gis.dot.ca.gov/arcgis/rest/services/CHboundary/RTPA_Boundaries/MapServer&source=sd"">ArcGIS Map Link</a><br/><a href=""https://caltrans-gis.dot.ca.gov/arcgis/rest/services/CHboundary/RTPA_Boundaries/MapServer/query"">ArcGIS Query Link</a",,,FALSE,,,2000,,"JSON, geoJSON, PBF",True,,esriMeters,"The
 RTPA_2013 polygon feature class provides California Regional 
Transportation Planning Agencies (RTPA) legislative boundaries, 
primarily for regional planning applications.The 
list of California Transportation Planning Agencies is current as of 
February, 2014, provided by Division of Transportation Planning, Office 
of Regional and Interagency Planning.With the exception of Tahoe 
Regional Planning Agency (TRPA*), all of the RTPA boundaries follow 
county boundaries, some RTPA are multi-county. This feature class was 
created primarily based on 2010 Census county lines exclude the islands.*TRPA
 is actually a bi-state agency created by the U.S. Congress and a 
compact between California and Nevada. Federal laws and California and 
Nevada statutes govern it. TRPA is composed of parts of two counties in 
California, El Dorado and Placer, and two counties in Nevada. The 
portions of two California counties outside the Tahoe basin are part of 
the Sacramento Area Council of Governments (SACOG).Reference: CALCOG GUIDE TO REGIONAL PLANNING, AS REVISED BY SB 375 JANUARY 2009.",
arcgis/CHboundary/Senate_Districts,CHboundary/Senate_Districts,"<a href=""https://caltrans-gis.dot.ca.gov/arcgis/rest/services/CHboundary/Senate_Districts/MapServer"">ArcGIS REST Services Directory Link</a><br/><a href=""https://www.arcgis.com/apps/mapviewer/index.html?url=https://caltrans-gis.dot.ca.gov/arcgis/rest/services/CHboundary/Senate_Districts/MapServer&source=sd"">ArcGIS Map Link</a><br/><a href=""https://caltrans-gis.dot.ca.gov/arcgis/rest/services/CHboundary/Senate_Districts/MapServer/query"">ArcGIS Query Link</a",,,FALSE,,,2000,,"JSON, geoJSON, PBF",True,,esriMeters,,
arcgis/CHhighway/Agricultural_Inspection_Stations,CHhighway/Agricultural_Inspection_Stations,"<a href=""https://caltrans-gis.dot.ca.gov/arcgis/rest/services/CHhighway/Agricultural_Inspection_Stations/MapServer"">ArcGIS REST Services Directory Link</a><br/><a href=""https://www.arcgis.com/apps/mapviewer/index.html?url=https://caltrans-gis.dot.ca.gov/arcgis/rest/services/CHhighway/Agricultural_Inspection_Stations/MapServer&source=sd"">ArcGIS Map Link</a><br/><a href=""https://caltrans-gis.dot.ca.gov/arcgis/rest/services/CHhighway/Agricultural_Inspection_Stations/MapServer/query"">ArcGIS Query Link</a",,,FALSE,,,2000,,"JSON, geoJSON, PBF",True,,esriMeters,,
arcgis/CHhighway/All_Roads,CHhighway/All_Roads,"<a href=""https://caltrans-gis.dot.ca.gov/arcgis/rest/services/CHhighway/All_Roads/MapServer"">ArcGIS REST Services Directory Link</a><br/><a href=""https://www.arcgis.com/apps/mapviewer/index.html?url=https://caltrans-gis.dot.ca.gov/arcgis/rest/services/CHhighway/All_Roads/MapServer&source=sd"">ArcGIS Map Link</a><br/><a href=""https://caltrans-gis.dot.ca.gov/arcgis/rest/services/CHhighway/All_Roads/MapServer/query"">ArcGIS Query Link</a",,,FALSE,,,2000,,"JSON, geoJSON, PBF",True,,esriMeters,,
arcgis/CHhighway/Bottlenecks,CHhighway/Bottlenecks,"<a href=""https://caltrans-gis.dot.ca.gov/arcgis/rest/services/CHhighway/Bottlenecks/MapServer"">ArcGIS REST Services Directory Link</a><br/><a href=""https://www.arcgis.com/apps/mapviewer/index.html?url=https://caltrans-gis.dot.ca.gov/arcgis/rest/services/CHhighway/Bottlenecks/MapServer&source=sd"">ArcGIS Map Link</a><br/><a href=""https://caltrans-gis.dot.ca.gov/arcgis/rest/services/CHhighway/Bottlenecks/MapServer/query"">ArcGIS Query Link</a",,,FALSE,Copyright © 2021 State of California,,2000,,"JSON, geoJSON, PBF",True,,esriDecimalDegrees,2022 Bottlenecks linear dataset of heavy congestion during peak AM and/or PM periods statewide. These reflect the top 10 ranking bottlenecks in each Caltrans District.,
arcgis/CHhighway/CCBP,CHhighway/CCBP,"<a href=""https://caltrans-gis.dot.ca.gov/arcgis/rest/services/CHhighway/CCBP/MapServer"">ArcGIS REST Services Directory Link</a><br/><a href=""https://www.arcgis.com/apps/mapviewer/index.html?url=https://caltrans-gis.dot.ca.gov/arcgis/rest/services/CHhighway/CCBP/MapServer&source=sd"">ArcGIS Map Link</a><br/><a href=""https://caltrans-gis.dot.ca.gov/arcgis/rest/services/CHhighway/CCBP/MapServer/query"">ArcGIS Query Link</a",,,FALSE,,,2000,,"JSON, geoJSON, PBF",True,,esriMeters,,
arcgis/CHhighway/CCTV,CHhighway/CCTV,"<a href=""https://caltrans-gis.dot.ca.gov/arcgis/rest/services/CHhighway/CCTV/MapServer"">ArcGIS REST Services Directory Link</a><br/><a href=""https://www.arcgis.com/apps/mapviewer/index.html?url=https://caltrans-gis.dot.ca.gov/arcgis/rest/services/CHhighway/CCTV/MapServer&source=sd"">ArcGIS Map Link</a><br/><a href=""https://caltrans-gis.dot.ca.gov/arcgis/rest/services/CHhighway/CCTV/MapServer/query"">ArcGIS Query Link</a",,,FALSE,Copyright © 2020 State of California,,2000,,"JSON, geoJSON, PBF",True,,esriDecimalDegrees,,
arcgis/CHhighway/CRS_Functional_Classification,CHhighway/CRS_Functional_Classification,"<a href=""https://caltrans-gis.dot.ca.gov/arcgis/rest/services/CHhighway/CRS_Functional_Classification/MapServer"">ArcGIS REST Services Directory Link</a><br/><a href=""https://www.arcgis.com/apps/mapviewer/index.html?url=https://caltrans-gis.dot.ca.gov/arcgis/rest/services/CHhighway/CRS_Functional_Classification/MapServer&source=sd"">ArcGIS Map Link</a><br/><a href=""https://caltrans-gis.dot.ca.gov/arcgis/rest/services/CHhighway/CRS_Functional_Classification/MapServer/query"">ArcGIS Query Link</a",,,FALSE,,,2000,,"JSON, geoJSON, PBF",True,,esriMeters,,
arcgis/CHhighway/Express_Lanes,CHhighway/Express_Lanes,"<a href=""https://caltrans-gis.dot.ca.gov/arcgis/rest/services/CHhighway/Express_Lanes/MapServer"">ArcGIS REST Services Directory Link</a><br/><a href=""https://www.arcgis.com/apps/mapviewer/index.html?url=https://caltrans-gis.dot.ca.gov/arcgis/rest/services/CHhighway/Express_Lanes/MapServer&source=sd"">ArcGIS Map Link</a><br/><a href=""https://caltrans-gis.dot.ca.gov/arcgis/rest/services/CHhighway/Express_Lanes/MapServer/query"">ArcGIS Query Link</a",,,FALSE,,,2000,,"JSON, geoJSON, PBF",True,,esriDecimalDegrees,,
arcgis/CHhighway/HOV,CHhighway/HOV,"<a href=""https://caltrans-gis.dot.ca.gov/arcgis/rest/services/CHhighway/HOV/MapServer"">ArcGIS REST Services Directory Link</a><br/><a href=""https://www.arcgis.com/apps/mapviewer/index.html?url=https://caltrans-gis.dot.ca.gov/arcgis/rest/services/CHhighway/HOV/MapServer&source=sd"">ArcGIS Map Link</a><br/><a href=""https://caltrans-gis.dot.ca.gov/arcgis/rest/services/CHhighway/HOV/MapServer/query"">ArcGIS Query Link</a",,,FALSE,,,2000,,"JSON, geoJSON, PBF",True,,esriDecimalDegrees,,
arcgis/CHhighway/Local_Bridges,CHhighway/Local_Bridges,"<a href=""https://caltrans-gis.dot.ca.gov/arcgis/rest/services/CHhighway/Local_Bridges/MapServer"">ArcGIS REST Services Directory Link</a><br/><a href=""https://www.arcgis.com/apps/mapviewer/index.html?url=https://caltrans-gis.dot.ca.gov/arcgis/rest/services/CHhighway/Local_Bridges/MapServer&source=sd"">ArcGIS Map Link</a><br/><a href=""https://caltrans-gis.dot.ca.gov/arcgis/rest/services/CHhighway/Local_Bridges/MapServer/query"">ArcGIS Query Link</a",,,FALSE,,,2000,,"JSON, geoJSON, PBF",True,,esriMeters,,
arcgis/CHhighway/National_Highway_System,CHhighway/National_Highway_System,"<a href=""https://caltrans-gis.dot.ca.gov/arcgis/rest/services/CHhighway/National_Highway_System/MapServer"">ArcGIS REST Services Directory Link</a><br/><a href=""https://www.arcgis.com/apps/mapviewer/index.html?url=https://caltrans-gis.dot.ca.gov/arcgis/rest/services/CHhighway/National_Highway_System/MapServer&source=sd"">ArcGIS Map Link</a><br/><a href=""https://caltrans-gis.dot.ca.gov/arcgis/rest/services/CHhighway/National_Highway_System/MapServer/query"">ArcGIS Query Link</a",,,FALSE,California Department of Transportation (Caltrans),,2000,,"JSON, geoJSON, PBF",True,,esriMeters,"This National Highway System dataset was exported from Caltrans Linear Reference System (LRS) on July 18, 2023. The LRS serves as the framework upon which the Highway Performance Monitoring System (HPMS) and other business data are managed.",
arcgis/CHhighway/Park_and_Ride,CHhighway/Park_and_Ride,"<a href=""https://caltrans-gis.dot.ca.gov/arcgis/rest/services/CHhighway/Park_and_Ride/MapServer"">ArcGIS REST Services Directory Link</a><br/><a href=""https://www.arcgis.com/apps/mapviewer/index.html?url=https://caltrans-gis.dot.ca.gov/arcgis/rest/services/CHhighway/Park_and_Ride/MapServer&source=sd"">ArcGIS Map Link</a><br/><a href=""https://caltrans-gis.dot.ca.gov/arcgis/rest/services/CHhighway/Park_and_Ride/MapServer/query"">ArcGIS Query Link</a",,,FALSE,,,2000,,"JSON, geoJSON, PBF",True,,esriDecimalDegrees,,
arcgis/CHhighway/Priority_Fuel_Load_Reduction,CHhighway/Priority_Fuel_Load_Reduction,"<a href=""https://caltrans-gis.dot.ca.gov/arcgis/rest/services/CHhighway/Priority_Fuel_Load_Reduction/MapServer"">ArcGIS REST Services Directory Link</a><br/><a href=""https://www.arcgis.com/apps/mapviewer/index.html?url=https://caltrans-gis.dot.ca.gov/arcgis/rest/services/CHhighway/Priority_Fuel_Load_Reduction/MapServer&source=sd"">ArcGIS Map Link</a><br/><a href=""https://caltrans-gis.dot.ca.gov/arcgis/rest/services/CHhighway/Priority_Fuel_Load_Reduction/MapServer/query"">ArcGIS Query Link</a",,,FALSE,,,2000,,"JSON, geoJSON, PBF",True,,esriMeters,,
arcgis/CHhighway/Rest_Areas,CHhighway/Rest_Areas,"<a href=""https://caltrans-gis.dot.ca.gov/arcgis/rest/services/CHhighway/Rest_Areas/MapServer"">ArcGIS REST Services Directory Link</a><br/><a href=""https://www.arcgis.com/apps/mapviewer/index.html?url=https://caltrans-gis.dot.ca.gov/arcgis/rest/services/CHhighway/Rest_Areas/MapServer&source=sd"">ArcGIS Map Link</a><br/><a href=""https://caltrans-gis.dot.ca.gov/arcgis/rest/services/CHhighway/Rest_Areas/MapServer/query"">ArcGIS Query Link</a",,,FALSE,,,2000,,"JSON, geoJSON, PBF",True,,esriMeters,,
arcgis/CHhighway/SHN_Lines,CHhighway/SHN_Lines,"<a href=""https://caltrans-gis.dot.ca.gov/arcgis/rest/services/CHhighway/SHN_Lines/MapServer"">ArcGIS REST Services Directory Link</a><br/><a href=""https://www.arcgis.com/apps/mapviewer/index.html?url=https://caltrans-gis.dot.ca.gov/arcgis/rest/services/CHhighway/SHN_Lines/MapServer&source=sd"">ArcGIS Map Link</a><br/><a href=""https://caltrans-gis.dot.ca.gov/arcgis/rest/services/CHhighway/SHN_Lines/MapServer/query"">ArcGIS Query Link</a",,,FALSE,,,2000,,"JSON, geoJSON, PBF",True,,esriMeters,,
arcgis/CHhighway/SHN_Postmiles_Tenth,CHhighway/SHN_Postmiles_Tenth,"<a href=""https://caltrans-gis.dot.ca.gov/arcgis/rest/services/CHhighway/SHN_Postmiles_Tenth/MapServer"">ArcGIS REST Services Directory Link</a><br/><a href=""https://www.arcgis.com/apps/mapviewer/index.html?url=https://caltrans-gis.dot.ca.gov/arcgis/rest/services/CHhighway/SHN_Postmiles_Tenth/MapServer&source=sd"">ArcGIS Map Link</a><br/><a href=""https://caltrans-gis.dot.ca.gov/arcgis/rest/services/CHhighway/SHN_Postmiles_Tenth/MapServer/query"">ArcGIS Query Link</a",,,FALSE,California Department of Transportation (Caltrans),,2000,,"JSON, geoJSON, PBF",True,,esriMeters,,
arcgis/CHhighway/State_Highway_Bridges,CHhighway/State_Highway_Bridges,"<a href=""https://caltrans-gis.dot.ca.gov/arcgis/rest/services/CHhighway/State_Highway_Bridges/MapServer"">ArcGIS REST Services Directory Link</a><br/><a href=""https://www.arcgis.com/apps/mapviewer/index.html?url=https://caltrans-gis.dot.ca.gov/arcgis/rest/services/CHhighway/State_Highway_Bridges/MapServer&source=sd"">ArcGIS Map Link</a><br/><a href=""https://caltrans-gis.dot.ca.gov/arcgis/rest/services/CHhighway/State_Highway_Bridges/MapServer/query"">ArcGIS Query Link</a",,,FALSE,,,2000,,"JSON, geoJSON, PBF",True,,esriMeters,,
arcgis/CHhighway/Traffic_AADT,CHhighway/Traffic_AADT,"<a href=""https://caltrans-gis.dot.ca.gov/arcgis/rest/services/CHhighway/Traffic_AADT/MapServer"">ArcGIS REST Services Directory Link</a><br/><a href=""https://www.arcgis.com/apps/mapviewer/index.html?url=https://caltrans-gis.dot.ca.gov/arcgis/rest/services/CHhighway/Traffic_AADT/MapServer&source=sd"">ArcGIS Map Link</a><br/><a href=""https://caltrans-gis.dot.ca.gov/arcgis/rest/services/CHhighway/Traffic_AADT/MapServer/query"">ArcGIS Query Link</a",,,FALSE,,,2000,,"JSON, geoJSON, PBF",True,,esriDecimalDegrees,,
arcgis/CHhighway/Truck_Network,CHhighway/Truck_Network,"<a href=""https://caltrans-gis.dot.ca.gov/arcgis/rest/services/CHhighway/Truck_Network/MapServer"">ArcGIS REST Services Directory Link</a><br/><a href=""https://www.arcgis.com/apps/mapviewer/index.html?url=https://caltrans-gis.dot.ca.gov/arcgis/rest/services/CHhighway/Truck_Network/MapServer&source=sd"">ArcGIS Map Link</a><br/><a href=""https://caltrans-gis.dot.ca.gov/arcgis/rest/services/CHhighway/Truck_Network/MapServer/query"">ArcGIS Query Link</a",,,FALSE,,,2000,,"JSON, geoJSON, PBF",True,,esriMeters,,
arcgis/CHhighway/Truck_Volumes_AADT,CHhighway/Truck_Volumes_AADT,"<a href=""https://caltrans-gis.dot.ca.gov/arcgis/rest/services/CHhighway/Truck_Volumes_AADT/MapServer"">ArcGIS REST Services Directory Link</a><br/><a href=""https://www.arcgis.com/apps/mapviewer/index.html?url=https://caltrans-gis.dot.ca.gov/arcgis/rest/services/CHhighway/Truck_Volumes_AADT/MapServer&source=sd"">ArcGIS Map Link</a><br/><a href=""https://caltrans-gis.dot.ca.gov/arcgis/rest/services/CHhighway/Truck_Volumes_AADT/MapServer/query"">ArcGIS Query Link</a",,,FALSE,,,2000,,"JSON, geoJSON, PBF",True,,esriDecimalDegrees,,
arcgis/CHhighway/Vehicle_Enforcement_Facilities,CHhighway/Vehicle_Enforcement_Facilities,"<a href=""https://caltrans-gis.dot.ca.gov/arcgis/rest/services/CHhighway/Vehicle_Enforcement_Facilities/MapServer"">ArcGIS REST Services Directory Link</a><br/><a href=""https://www.arcgis.com/apps/mapviewer/index.html?url=https://caltrans-gis.dot.ca.gov/arcgis/rest/services/CHhighway/Vehicle_Enforcement_Facilities/MapServer&source=sd"">ArcGIS Map Link</a><br/><a href=""https://caltrans-gis.dot.ca.gov/arcgis/rest/services/CHhighway/Vehicle_Enforcement_Facilities/MapServer/query"">ArcGIS Query Link</a",,,FALSE,,,2000,,"JSON, geoJSON, PBF",True,,esriDecimalDegrees,,
arcgis/CHhighway/Vistas,CHhighway/Vistas,"<a href=""https://caltrans-gis.dot.ca.gov/arcgis/rest/services/CHhighway/Vistas/MapServer"">ArcGIS REST Services Directory Link</a><br/><a href=""https://www.arcgis.com/apps/mapviewer/index.html?url=https://caltrans-gis.dot.ca.gov/arcgis/rest/services/CHhighway/Vistas/MapServer&source=sd"">ArcGIS Map Link</a><br/><a href=""https://caltrans-gis.dot.ca.gov/arcgis/rest/services/CHhighway/Vistas/MapServer/query"">ArcGIS Query Link</a",,,FALSE,,,2000,,"JSON, geoJSON, PBF",True,,esriMeters,,
arcgis/CHhqcore/Economic_Opportunity,CHhqcore/Economic_Opportunity,"<a href=""https://caltrans-gis.dot.ca.gov/arcgis/rest/services/CHhqcore/Economic_Opportunity/MapServer"">ArcGIS REST Services Directory Link</a><br/><a href=""https://www.arcgis.com/apps/mapviewer/index.html?url=https://caltrans-gis.dot.ca.gov/arcgis/rest/services/CHhqcore/Economic_Opportunity/MapServer&source=sd"">ArcGIS Map Link</a><br/><a href=""https://caltrans-gis.dot.ca.gov/arcgis/rest/services/CHhqcore/Economic_Opportunity/MapServer/query"">ArcGIS Query Link</a",,,FALSE,,,2000,,"JSON, geoJSON, PBF",True,,esriMeters,,
arcgis/CHhqcore/Environmental_Health,CHhqcore/Environmental_Health,"<a href=""https://caltrans-gis.dot.ca.gov/arcgis/rest/services/CHhqcore/Environmental_Health/MapServer"">ArcGIS REST Services Directory Link</a><br/><a href=""https://www.arcgis.com/apps/mapviewer/index.html?url=https://caltrans-gis.dot.ca.gov/arcgis/rest/services/CHhqcore/Environmental_Health/MapServer&source=sd"">ArcGIS Map Link</a><br/><a href=""https://caltrans-gis.dot.ca.gov/arcgis/rest/services/CHhqcore/Environmental_Health/MapServer/query"">ArcGIS Query Link</a",,,FALSE,,,2000,,"JSON, geoJSON, PBF",True,,esriMeters,,
arcgis/CHhqcore/Livability,CHhqcore/Livability,"<a href=""https://caltrans-gis.dot.ca.gov/arcgis/rest/services/CHhqcore/Livability/MapServer"">ArcGIS REST Services Directory Link</a><br/><a href=""https://www.arcgis.com/apps/mapviewer/index.html?url=https://caltrans-gis.dot.ca.gov/arcgis/rest/services/CHhqcore/Livability/MapServer&source=sd"">ArcGIS Map Link</a><br/><a href=""https://caltrans-gis.dot.ca.gov/arcgis/rest/services/CHhqcore/Livability/MapServer/query"">ArcGIS Query Link</a",,,FALSE,,,2000,,"JSON, geoJSON, PBF",True,,esriMeters,,
arcgis/CHhqenvi/DEA_Air_Quality,CHhqenvi/DEA_Air_Quality,"<a href=""https://caltrans-gis.dot.ca.gov/arcgis/rest/services/CHhqenvi/DEA_Air_Quality/MapServer"">ArcGIS REST Services Directory Link</a><br/><a href=""https://www.arcgis.com/apps/mapviewer/index.html?url=https://caltrans-gis.dot.ca.gov/arcgis/rest/services/CHhqenvi/DEA_Air_Quality/MapServer&source=sd"">ArcGIS Map Link</a><br/><a href=""https://caltrans-gis.dot.ca.gov/arcgis/rest/services/CHhqenvi/DEA_Air_Quality/MapServer/query"">ArcGIS Query Link</a",,,FALSE,"Originally developed by Teale Data Center GIS Lab; updated by California Air Resources Board, June 2004.",,2000,,"JSON, geoJSON, PBF",True,,esriMeters,Air Quality Layers,
arcgis/CHhqenvi/DEA_BCDC_polygon_SLR,CHhqenvi/DEA_BCDC_polygon_SLR,"<a href=""https://caltrans-gis.dot.ca.gov/arcgis/rest/services/CHhqenvi/DEA_BCDC_polygon_SLR/MapServer"">ArcGIS REST Services Directory Link</a><br/><a href=""https://www.arcgis.com/apps/mapviewer/index.html?url=https://caltrans-gis.dot.ca.gov/arcgis/rest/services/CHhqenvi/DEA_BCDC_polygon_SLR/MapServer&source=sd"">ArcGIS Map Link</a><br/><a href=""https://caltrans-gis.dot.ca.gov/arcgis/rest/services/CHhqenvi/DEA_BCDC_polygon_SLR/MapServer/query"">ArcGIS Query Link</a",,,FALSE,,,2000,,"JSON, geoJSON, PBF",True,,esriMeters,,
arcgis/CHhqenvi/DEA_BCDC_SLR,CHhqenvi/DEA_BCDC_SLR,"<a href=""https://caltrans-gis.dot.ca.gov/arcgis/rest/services/CHhqenvi/DEA_BCDC_SLR/MapServer"">ArcGIS REST Services Directory Link</a><br/><a href=""https://www.arcgis.com/apps/mapviewer/index.html?url=https://caltrans-gis.dot.ca.gov/arcgis/rest/services/CHhqenvi/DEA_BCDC_SLR/MapServer&source=sd"">ArcGIS Map Link</a><br/><a href=""https://caltrans-gis.dot.ca.gov/arcgis/rest/services/CHhqenvi/DEA_BCDC_SLR/MapServer/query"">ArcGIS Query Link</a",,,FALSE,SF Bay Conservation and Development Commission,,2000,,"JSON, geoJSON, PBF",True,,esriMeters,,
arcgis/CHhqenvi/DEA_Bridge_Historical_Significance,CHhqenvi/DEA_Bridge_Historical_Significance,"<a href=""https://caltrans-gis.dot.ca.gov/arcgis/rest/services/CHhqenvi/DEA_Bridge_Historical_Significance/MapServer"">ArcGIS REST Services Directory Link</a><br/><a href=""https://www.arcgis.com/apps/mapviewer/index.html?url=https://caltrans-gis.dot.ca.gov/arcgis/rest/services/CHhqenvi/DEA_Bridge_Historical_Significance/MapServer&source=sd"">ArcGIS Map Link</a><br/><a href=""https://caltrans-gis.dot.ca.gov/arcgis/rest/services/CHhqenvi/DEA_Bridge_Historical_Significance/MapServer/query"">ArcGIS Query Link</a",,,FALSE,Caltrans Structure Maintenance & Investigations (SM&I),,2000,,"JSON, geoJSON, PBF",True,,esriMeters,,
arcgis/CHhqenvi/DEA_CalWater_Boundaries,CHhqenvi/DEA_CalWater_Boundaries,"<a href=""https://caltrans-gis.dot.ca.gov/arcgis/rest/services/CHhqenvi/DEA_CalWater_Boundaries/MapServer"">ArcGIS REST Services Directory Link</a><br/><a href=""https://www.arcgis.com/apps/mapviewer/index.html?url=https://caltrans-gis.dot.ca.gov/arcgis/rest/services/CHhqenvi/DEA_CalWater_Boundaries/MapServer&source=sd"">ArcGIS Map Link</a><br/><a href=""https://caltrans-gis.dot.ca.gov/arcgis/rest/services/CHhqenvi/DEA_CalWater_Boundaries/MapServer/query"">ArcGIS Query Link</a",,,FALSE,,,2000,,"JSON, geoJSON, PBF",True,,esriMeters,,
arcgis/CHhqenvi/DEA_CEHC,CHhqenvi/DEA_CEHC,"<a href=""https://caltrans-gis.dot.ca.gov/arcgis/rest/services/CHhqenvi/DEA_CEHC/MapServer"">ArcGIS REST Services Directory Link</a><br/><a href=""https://www.arcgis.com/apps/mapviewer/index.html?url=https://caltrans-gis.dot.ca.gov/arcgis/rest/services/CHhqenvi/DEA_CEHC/MapServer&source=sd"">ArcGIS Map Link</a><br/><a href=""https://caltrans-gis.dot.ca.gov/arcgis/rest/services/CHhqenvi/DEA_CEHC/MapServer/query"">ArcGIS Query Link</a",,,FALSE,"Spencer, W.D., P. Beier, K. Penrod, K. Winters, C. Paulman, H. Rustigian-Romsos, J. Strittholt, M. Parisi, and A. Pettler. 2010. California Essential Habitat Connectivity Project: A Strategy for Conserving a Connected California. Prepared for California Department of Transportation, California Department of Fish and Game, and Federal Highways Administration.",,2000,,"JSON, geoJSON, PBF",True,,esriMeters,,
arcgis/CHhqenvi/DEA_Cliff_Erosion,CHhqenvi/DEA_Cliff_Erosion,"<a href=""https://caltrans-gis.dot.ca.gov/arcgis/rest/services/CHhqenvi/DEA_Cliff_Erosion/MapServer"">ArcGIS REST Services Directory Link</a><br/><a href=""https://www.arcgis.com/apps/mapviewer/index.html?url=https://caltrans-gis.dot.ca.gov/arcgis/rest/services/CHhqenvi/DEA_Cliff_Erosion/MapServer&source=sd"">ArcGIS Map Link</a><br/><a href=""https://caltrans-gis.dot.ca.gov/arcgis/rest/services/CHhqenvi/DEA_Cliff_Erosion/MapServer/query"">ArcGIS Query Link</a",,,FALSE,"Caltrans Division of Transportation Planning, Climate Change Branch ",,2000,,"JSON, geoJSON, PBF",True,,esriMeters,,
arcgis/CHhqenvi/DEA_Coastal_Zone_Boundary,CHhqenvi/DEA_Coastal_Zone_Boundary,"<a href=""https://caltrans-gis.dot.ca.gov/arcgis/rest/services/CHhqenvi/DEA_Coastal_Zone_Boundary/MapServer"">ArcGIS REST Services Directory Link</a><br/><a href=""https://www.arcgis.com/apps/mapviewer/index.html?url=https://caltrans-gis.dot.ca.gov/arcgis/rest/services/CHhqenvi/DEA_Coastal_Zone_Boundary/MapServer&source=sd"">ArcGIS Map Link</a><br/><a href=""https://caltrans-gis.dot.ca.gov/arcgis/rest/services/CHhqenvi/DEA_Coastal_Zone_Boundary/MapServer/query"">ArcGIS Query Link</a",,,FALSE,California Coastal Commission,,2000,,"JSON, geoJSON, PBF",True,,esriMeters,,
arcgis/CHhqenvi/DEA_CoSMoS_Cliff_Retreat,CHhqenvi/DEA_CoSMoS_Cliff_Retreat,"<a href=""https://caltrans-gis.dot.ca.gov/arcgis/rest/services/CHhqenvi/DEA_CoSMoS_Cliff_Retreat/MapServer"">ArcGIS REST Services Directory Link</a><br/><a href=""https://www.arcgis.com/apps/mapviewer/index.html?url=https://caltrans-gis.dot.ca.gov/arcgis/rest/services/CHhqenvi/DEA_CoSMoS_Cliff_Retreat/MapServer&source=sd"">ArcGIS Map Link</a><br/><a href=""https://caltrans-gis.dot.ca.gov/arcgis/rest/services/CHhqenvi/DEA_CoSMoS_Cliff_Retreat/MapServer/query"">ArcGIS Query Link</a",,,FALSE,,,2000,,"JSON, geoJSON, PBF",True,,esriMeters,,
arcgis/CHhqenvi/DEA_Delta_SLR,CHhqenvi/DEA_Delta_SLR,"<a href=""https://caltrans-gis.dot.ca.gov/arcgis/rest/services/CHhqenvi/DEA_Delta_SLR/MapServer"">ArcGIS REST Services Directory Link</a><br/><a href=""https://www.arcgis.com/apps/mapviewer/index.html?url=https://caltrans-gis.dot.ca.gov/arcgis/rest/services/CHhqenvi/DEA_Delta_SLR/MapServer&source=sd"">ArcGIS Map Link</a><br/><a href=""https://caltrans-gis.dot.ca.gov/arcgis/rest/services/CHhqenvi/DEA_Delta_SLR/MapServer/query"">ArcGIS Query Link</a",,,FALSE,"Caltrans Division of Transportation Planning, Climate Change Branch ",,2000,,"JSON, geoJSON, PBF",True,,esriMeters,,
arcgis/CHhqenvi/DEA_EPA_Region9,CHhqenvi/DEA_EPA_Region9,"<a href=""https://caltrans-gis.dot.ca.gov/arcgis/rest/services/CHhqenvi/DEA_EPA_Region9/MapServer"">ArcGIS REST Services Directory Link</a><br/><a href=""https://www.arcgis.com/apps/mapviewer/index.html?url=https://caltrans-gis.dot.ca.gov/arcgis/rest/services/CHhqenvi/DEA_EPA_Region9/MapServer&source=sd"">ArcGIS Map Link</a><br/><a href=""https://caltrans-gis.dot.ca.gov/arcgis/rest/services/CHhqenvi/DEA_EPA_Region9/MapServer/query"">ArcGIS Query Link</a",,,FALSE,U.S. EPA from (C) 1984-2007 Tele Atlas(R).,,2000,,"JSON, geoJSON, PBF",True,,esriMeters,,
arcgis/CHhqenvi/DEA_Hydrologic_Unit_Codes,CHhqenvi/DEA_Hydrologic_Unit_Codes,"<a href=""https://caltrans-gis.dot.ca.gov/arcgis/rest/services/CHhqenvi/DEA_Hydrologic_Unit_Codes/MapServer"">ArcGIS REST Services Directory Link</a><br/><a href=""https://www.arcgis.com/apps/mapviewer/index.html?url=https://caltrans-gis.dot.ca.gov/arcgis/rest/services/CHhqenvi/DEA_Hydrologic_Unit_Codes/MapServer&source=sd"">ArcGIS Map Link</a><br/><a href=""https://caltrans-gis.dot.ca.gov/arcgis/rest/services/CHhqenvi/DEA_Hydrologic_Unit_Codes/MapServer/query"">ArcGIS Query Link</a",,,FALSE,"Funding for the Watershed Boundary Dataset (WBD) was provided by the USDA-NRCS, USGS and EPA along with other federal, state and local agencies. Representatives from many agencies contributed a substantial amount of time and salary towards quality review and updating of the dataset in order to meet the WBD Standards. Acknowledgment of the originating agencies would be appreciated in products derived from these data. See dataset specific metadata for further information",,2000,,"JSON, geoJSON, PBF",True,,esriMeters,,
arcgis/CHhqenvi/DEA_Mineral_Hazard,CHhqenvi/DEA_Mineral_Hazard,"<a href=""https://caltrans-gis.dot.ca.gov/arcgis/rest/services/CHhqenvi/DEA_Mineral_Hazard/MapServer"">ArcGIS REST Services Directory Link</a><br/><a href=""https://www.arcgis.com/apps/mapviewer/index.html?url=https://caltrans-gis.dot.ca.gov/arcgis/rest/services/CHhqenvi/DEA_Mineral_Hazard/MapServer&source=sd"">ArcGIS Map Link</a><br/><a href=""https://caltrans-gis.dot.ca.gov/arcgis/rest/services/CHhqenvi/DEA_Mineral_Hazard/MapServer/query"">ArcGIS Query Link</a",,,FALSE,Report by Chris T. Higgins and Ronald K. Churchill. These layers were created by the California Department of Conservation for Caltrans in 2019,,2000,,"JSON, geoJSON, PBF",True,,esriMeters,Contains sets of ArcGIS feature classes prepared by the California Geological Survey under contract to the California Department of Transportation (Caltrans). The feature classes present data and information on potential mineral hazards that may be present in all twelve districts under Caltrans jurisdiction.Thirteen statewide feature classes have been compiled from the individual feature classes prepared during district studies that were previously submitted to Caltrans.,
arcgis/CHhqenvi/DEA_National_Register_Locations,CHhqenvi/DEA_National_Register_Locations,"<a href=""https://caltrans-gis.dot.ca.gov/arcgis/rest/services/CHhqenvi/DEA_National_Register_Locations/MapServer"">ArcGIS REST Services Directory Link</a><br/><a href=""https://www.arcgis.com/apps/mapviewer/index.html?url=https://caltrans-gis.dot.ca.gov/arcgis/rest/services/CHhqenvi/DEA_National_Register_Locations/MapServer&source=sd"">ArcGIS Map Link</a><br/><a href=""https://caltrans-gis.dot.ca.gov/arcgis/rest/services/CHhqenvi/DEA_National_Register_Locations/MapServer/query"">ArcGIS Query Link</a",,,FALSE,,,2000,,"JSON, geoJSON, PBF",True,,esriMeters,,
arcgis/CHhqenvi/DEA_Postmiles,CHhqenvi/DEA_Postmiles,"<a href=""https://caltrans-gis.dot.ca.gov/arcgis/rest/services/CHhqenvi/DEA_Postmiles/MapServer"">ArcGIS REST Services Directory Link</a><br/><a href=""https://www.arcgis.com/apps/mapviewer/index.html?url=https://caltrans-gis.dot.ca.gov/arcgis/rest/services/CHhqenvi/DEA_Postmiles/MapServer&source=sd"">ArcGIS Map Link</a><br/><a href=""https://caltrans-gis.dot.ca.gov/arcgis/rest/services/CHhqenvi/DEA_Postmiles/MapServer/query"">ArcGIS Query Link</a",,,FALSE,,,2000,,"JSON, geoJSON, PBF",True,,esriMeters,,
arcgis/CHhqenvi/DEA_USFWS_region8,CHhqenvi/DEA_USFWS_region8,"<a href=""https://caltrans-gis.dot.ca.gov/arcgis/rest/services/CHhqenvi/DEA_USFWS_region8/MapServer"">ArcGIS REST Services Directory Link</a><br/><a href=""https://www.arcgis.com/apps/mapviewer/index.html?url=https://caltrans-gis.dot.ca.gov/arcgis/rest/services/CHhqenvi/DEA_USFWS_region8/MapServer&source=sd"">ArcGIS Map Link</a><br/><a href=""https://caltrans-gis.dot.ca.gov/arcgis/rest/services/CHhqenvi/DEA_USFWS_region8/MapServer/query"">ArcGIS Query Link</a",,,FALSE,"US Fish and Wildlife Service, Sacramento Fish and Wildlife Office (FWO) - developed and maintains final integrated boundary",,2000,,"JSON, geoJSON, PBF",True,,esriMeters,,
arcgis/CHhqsafe/BPMT,CHhqsafe/BPMT,"<a href=""https://caltrans-gis.dot.ca.gov/arcgis/rest/services/CHhqsafe/BPMT/MapServer"">ArcGIS REST Services Directory Link</a><br/><a href=""https://www.arcgis.com/apps/mapviewer/index.html?url=https://caltrans-gis.dot.ca.gov/arcgis/rest/services/CHhqsafe/BPMT/MapServer&source=sd"">ArcGIS Map Link</a><br/><a href=""https://caltrans-gis.dot.ca.gov/arcgis/rest/services/CHhqsafe/BPMT/MapServer/query"">ArcGIS Query Link</a",,,FALSE,,,2000,,"JSON, geoJSON, PBF",True,,esriMeters,,
arcgis/CHhqsafe/BPSI_Areas,CHhqsafe/BPSI_Areas,"<a href=""https://caltrans-gis.dot.ca.gov/arcgis/rest/services/CHhqsafe/BPSI_Areas/MapServer"">ArcGIS REST Services Directory Link</a><br/><a href=""https://www.arcgis.com/apps/mapviewer/index.html?url=https://caltrans-gis.dot.ca.gov/arcgis/rest/services/CHhqsafe/BPSI_Areas/MapServer&source=sd"">ArcGIS Map Link</a><br/><a href=""https://caltrans-gis.dot.ca.gov/arcgis/rest/services/CHhqsafe/BPSI_Areas/MapServer/query"">ArcGIS Query Link</a",,,FALSE,,,2000,,"JSON, geoJSON, PBF",True,,esriMeters,,
arcgis/CHhqsafe/Land_Hex,CHhqsafe/Land_Hex,"<a href=""https://caltrans-gis.dot.ca.gov/arcgis/rest/services/CHhqsafe/Land_Hex/MapServer"">ArcGIS REST Services Directory Link</a><br/><a href=""https://www.arcgis.com/apps/mapviewer/index.html?url=https://caltrans-gis.dot.ca.gov/arcgis/rest/services/CHhqsafe/Land_Hex/MapServer&source=sd"">ArcGIS Map Link</a><br/><a href=""https://caltrans-gis.dot.ca.gov/arcgis/rest/services/CHhqsafe/Land_Hex/MapServer/query"">ArcGIS Query Link</a",,,FALSE,,,2000,,"JSON, geoJSON, PBF",True,,esriMeters,,
arcgis/CHrailroad/Amtrak_Bus_Routes,CHrailroad/Amtrak_Bus_Routes,"<a href=""https://caltrans-gis.dot.ca.gov/arcgis/rest/services/CHrailroad/Amtrak_Bus_Routes/MapServer"">ArcGIS REST Services Directory Link</a><br/><a href=""https://www.arcgis.com/apps/mapviewer/index.html?url=https://caltrans-gis.dot.ca.gov/arcgis/rest/services/CHrailroad/Amtrak_Bus_Routes/MapServer&source=sd"">ArcGIS Map Link</a><br/><a href=""https://caltrans-gis.dot.ca.gov/arcgis/rest/services/CHrailroad/Amtrak_Bus_Routes/MapServer/query"">ArcGIS Query Link</a",,,FALSE,,,2000,,"JSON, geoJSON, PBF",True,,esriMeters,,
arcgis/CHrailroad/Amtrak_Bus_Stations,CHrailroad/Amtrak_Bus_Stations,"<a href=""https://caltrans-gis.dot.ca.gov/arcgis/rest/services/CHrailroad/Amtrak_Bus_Stations/MapServer"">ArcGIS REST Services Directory Link</a><br/><a href=""https://www.arcgis.com/apps/mapviewer/index.html?url=https://caltrans-gis.dot.ca.gov/arcgis/rest/services/CHrailroad/Amtrak_Bus_Stations/MapServer&source=sd"">ArcGIS Map Link</a><br/><a href=""https://caltrans-gis.dot.ca.gov/arcgis/rest/services/CHrailroad/Amtrak_Bus_Stations/MapServer/query"">ArcGIS Query Link</a",,,FALSE,,,2000,,"JSON, geoJSON, PBF",True,,esriMeters,,
arcgis/CHrailroad/CA_HQ_Transit_Areas,CHrailroad/CA_HQ_Transit_Areas,"<a href=""https://caltrans-gis.dot.ca.gov/arcgis/rest/services/CHrailroad/CA_HQ_Transit_Areas/MapServer"">ArcGIS REST Services Directory Link</a><br/><a href=""https://www.arcgis.com/apps/mapviewer/index.html?url=https://caltrans-gis.dot.ca.gov/arcgis/rest/services/CHrailroad/CA_HQ_Transit_Areas/MapServer&source=sd"">ArcGIS Map Link</a><br/><a href=""https://caltrans-gis.dot.ca.gov/arcgis/rest/services/CHrailroad/CA_HQ_Transit_Areas/MapServer/query"">ArcGIS Query Link</a",,,FALSE,California Department of Transportation,,2000,,"JSON, geoJSON, PBF",True,,esriMeters,"Use GTFS schedule trips, stop_times, shapes, and stops to estimate whether corridor segments have scheduled frequencies of 15 minutes or less.",
arcgis/CHrailroad/CA_HQ_Transit_Stops,CHrailroad/CA_HQ_Transit_Stops,"<a href=""https://caltrans-gis.dot.ca.gov/arcgis/rest/services/CHrailroad/CA_HQ_Transit_Stops/MapServer"">ArcGIS REST Services Directory Link</a><br/><a href=""https://www.arcgis.com/apps/mapviewer/index.html?url=https://caltrans-gis.dot.ca.gov/arcgis/rest/services/CHrailroad/CA_HQ_Transit_Stops/MapServer&source=sd"">ArcGIS Map Link</a><br/><a href=""https://caltrans-gis.dot.ca.gov/arcgis/rest/services/CHrailroad/CA_HQ_Transit_Stops/MapServer/query"">ArcGIS Query Link</a",,,FALSE,,,2000,,"JSON, geoJSON, PBF",True,,esriMeters,"Use GTFS schedule trips, stop_times, shapes, and stops to estimate whether corridor segments have scheduled headways of 20 minutes or less.",
arcgis/CHrailroad/CA_Transit_Routes,CHrailroad/CA_Transit_Routes,"<a href=""https://caltrans-gis.dot.ca.gov/arcgis/rest/services/CHrailroad/CA_Transit_Routes/MapServer"">ArcGIS REST Services Directory Link</a><br/><a href=""https://www.arcgis.com/apps/mapviewer/index.html?url=https://caltrans-gis.dot.ca.gov/arcgis/rest/services/CHrailroad/CA_Transit_Routes/MapServer&source=sd"">ArcGIS Map Link</a><br/><a href=""https://caltrans-gis.dot.ca.gov/arcgis/rest/services/CHrailroad/CA_Transit_Routes/MapServer/query"">ArcGIS Query Link</a",,,FALSE,,,2000,,"JSON, geoJSON, PBF",True,,esriMeters,Provide compiled GTFS schedule data in geospatial format. Transit routes associates route information to shapes. Transit stops associates aggregated stop times and route information aggregated for each stops.,
arcgis/CHrailroad/CA_Transit_Stops,CHrailroad/CA_Transit_Stops,"<a href=""https://caltrans-gis.dot.ca.gov/arcgis/rest/services/CHrailroad/CA_Transit_Stops/MapServer"">ArcGIS REST Services Directory Link</a><br/><a href=""https://www.arcgis.com/apps/mapviewer/index.html?url=https://caltrans-gis.dot.ca.gov/arcgis/rest/services/CHrailroad/CA_Transit_Stops/MapServer&source=sd"">ArcGIS Map Link</a><br/><a href=""https://caltrans-gis.dot.ca.gov/arcgis/rest/services/CHrailroad/CA_Transit_Stops/MapServer/query"">ArcGIS Query Link</a",,,FALSE,,,2000,,"JSON, geoJSON, PBF",True,,esriMeters,"Use GTFS schedule trips, stop_times, shapes, and stops to estimate whether corridor segments have scheduled headways of 20 minutes or less.",
arcgis/CHrailroad/California_Rail_Network,CHrailroad/California_Rail_Network,"<a href=""https://caltrans-gis.dot.ca.gov/arcgis/rest/services/CHrailroad/California_Rail_Network/MapServer"">ArcGIS REST Services Directory Link</a><br/><a href=""https://www.arcgis.com/apps/mapviewer/index.html?url=https://caltrans-gis.dot.ca.gov/arcgis/rest/services/CHrailroad/California_Rail_Network/MapServer&source=sd"">ArcGIS Map Link</a><br/><a href=""https://caltrans-gis.dot.ca.gov/arcgis/rest/services/CHrailroad/California_Rail_Network/MapServer/query"">ArcGIS Query Link</a",,,FALSE,,,2000,,"JSON, geoJSON, PBF",True,,esriMeters,,
arcgis/CHrailroad/California_Rail_Stations,CHrailroad/California_Rail_Stations,"<a href=""https://caltrans-gis.dot.ca.gov/arcgis/rest/services/CHrailroad/California_Rail_Stations/MapServer"">ArcGIS REST Services Directory Link</a><br/><a href=""https://www.arcgis.com/apps/mapviewer/index.html?url=https://caltrans-gis.dot.ca.gov/arcgis/rest/services/CHrailroad/California_Rail_Stations/MapServer&source=sd"">ArcGIS Map Link</a><br/><a href=""https://caltrans-gis.dot.ca.gov/arcgis/rest/services/CHrailroad/California_Rail_Stations/MapServer/query"">ArcGIS Query Link</a",,,FALSE,,,2000,,"JSON, geoJSON, PBF",True,,esriMeters,,
arcgis/CHrailroad/Freight_Classification_Yards,CHrailroad/Freight_Classification_Yards,"<a href=""https://caltrans-gis.dot.ca.gov/arcgis/rest/services/CHrailroad/Freight_Classification_Yards/MapServer"">ArcGIS REST Services Directory Link</a><br/><a href=""https://www.arcgis.com/apps/mapviewer/index.html?url=https://caltrans-gis.dot.ca.gov/arcgis/rest/services/CHrailroad/Freight_Classification_Yards/MapServer&source=sd"">ArcGIS Map Link</a><br/><a href=""https://caltrans-gis.dot.ca.gov/arcgis/rest/services/CHrailroad/Freight_Classification_Yards/MapServer/query"">ArcGIS Query Link</a",,,FALSE,,,2000,,"JSON, geoJSON, PBF",True,,esriMeters,,
arcgis/CHrailroad/Freight_Intermodal_Facilities,CHrailroad/Freight_Intermodal_Facilities,"<a href=""https://caltrans-gis.dot.ca.gov/arcgis/rest/services/CHrailroad/Freight_Intermodal_Facilities/MapServer"">ArcGIS REST Services Directory Link</a><br/><a href=""https://www.arcgis.com/apps/mapviewer/index.html?url=https://caltrans-gis.dot.ca.gov/arcgis/rest/services/CHrailroad/Freight_Intermodal_Facilities/MapServer&source=sd"">ArcGIS Map Link</a><br/><a href=""https://caltrans-gis.dot.ca.gov/arcgis/rest/services/CHrailroad/Freight_Intermodal_Facilities/MapServer/query"">ArcGIS Query Link</a",,,FALSE,,,2000,,"JSON, geoJSON, PBF",True,,esriMeters,,
arcgis/CHrailroad/Highway_Rail_Crossing,CHrailroad/Highway_Rail_Crossing,"<a href=""https://caltrans-gis.dot.ca.gov/arcgis/rest/services/CHrailroad/Highway_Rail_Crossing/MapServer"">ArcGIS REST Services Directory Link</a><br/><a href=""https://www.arcgis.com/apps/mapviewer/index.html?url=https://caltrans-gis.dot.ca.gov/arcgis/rest/services/CHrailroad/Highway_Rail_Crossing/MapServer&source=sd"">ArcGIS Map Link</a><br/><a href=""https://caltrans-gis.dot.ca.gov/arcgis/rest/services/CHrailroad/Highway_Rail_Crossing/MapServer/query"">ArcGIS Query Link</a",,,FALSE,,,2000,,"JSON, geoJSON, PBF",True,,esriMeters,,
arcgis/CHrailroad/Maintenance_Facilities,CHrailroad/Maintenance_Facilities,"<a href=""https://caltrans-gis.dot.ca.gov/arcgis/rest/services/CHrailroad/Maintenance_Facilities/MapServer"">ArcGIS REST Services Directory Link</a><br/><a href=""https://www.arcgis.com/apps/mapviewer/index.html?url=https://caltrans-gis.dot.ca.gov/arcgis/rest/services/CHrailroad/Maintenance_Facilities/MapServer&source=sd"">ArcGIS Map Link</a><br/><a href=""https://caltrans-gis.dot.ca.gov/arcgis/rest/services/CHrailroad/Maintenance_Facilities/MapServer/query"">ArcGIS Query Link</a",,,FALSE,,,2000,,"JSON, geoJSON, PBF",True,,esriMeters,,
arcgis/CHrailroad/Major_Traffic_Generators,CHrailroad/Major_Traffic_Generators,"<a href=""https://caltrans-gis.dot.ca.gov/arcgis/rest/services/CHrailroad/Major_Traffic_Generators/MapServer"">ArcGIS REST Services Directory Link</a><br/><a href=""https://www.arcgis.com/apps/mapviewer/index.html?url=https://caltrans-gis.dot.ca.gov/arcgis/rest/services/CHrailroad/Major_Traffic_Generators/MapServer&source=sd"">ArcGIS Map Link</a><br/><a href=""https://caltrans-gis.dot.ca.gov/arcgis/rest/services/CHrailroad/Major_Traffic_Generators/MapServer/query"">ArcGIS Query Link</a",,,FALSE,,,2000,,"JSON, geoJSON, PBF",True,,esriMeters,,
arcgis/CHrailroad/Rail_Commuter_Routes,CHrailroad/Rail_Commuter_Routes,"<a href=""https://caltrans-gis.dot.ca.gov/arcgis/rest/services/CHrailroad/Rail_Commuter_Routes/MapServer"">ArcGIS REST Services Directory Link</a><br/><a href=""https://www.arcgis.com/apps/mapviewer/index.html?url=https://caltrans-gis.dot.ca.gov/arcgis/rest/services/CHrailroad/Rail_Commuter_Routes/MapServer&source=sd"">ArcGIS Map Link</a><br/><a href=""https://caltrans-gis.dot.ca.gov/arcgis/rest/services/CHrailroad/Rail_Commuter_Routes/MapServer/query"">ArcGIS Query Link</a",,,FALSE,,,2000,,"JSON, geoJSON, PBF",True,,esriMeters,,
arcgis/CHrailroad/Rail_Commuter_Stations,CHrailroad/Rail_Commuter_Stations,"<a href=""https://caltrans-gis.dot.ca.gov/arcgis/rest/services/CHrailroad/Rail_Commuter_Stations/MapServer"">ArcGIS REST Services Directory Link</a><br/><a href=""https://www.arcgis.com/apps/mapviewer/index.html?url=https://caltrans-gis.dot.ca.gov/arcgis/rest/services/CHrailroad/Rail_Commuter_Stations/MapServer&source=sd"">ArcGIS Map Link</a><br/><a href=""https://caltrans-gis.dot.ca.gov/arcgis/rest/services/CHrailroad/Rail_Commuter_Stations/MapServer/query"">ArcGIS Query Link</a",,,FALSE,,,2000,,"JSON, geoJSON, PBF",True,,esriMeters,,
arcgis/CHrailroad/Rail_Intercity_Routes,CHrailroad/Rail_Intercity_Routes,"<a href=""https://caltrans-gis.dot.ca.gov/arcgis/rest/services/CHrailroad/Rail_Intercity_Routes/MapServer"">ArcGIS REST Services Directory Link</a><br/><a href=""https://www.arcgis.com/apps/mapviewer/index.html?url=https://caltrans-gis.dot.ca.gov/arcgis/rest/services/CHrailroad/Rail_Intercity_Routes/MapServer&source=sd"">ArcGIS Map Link</a><br/><a href=""https://caltrans-gis.dot.ca.gov/arcgis/rest/services/CHrailroad/Rail_Intercity_Routes/MapServer/query"">ArcGIS Query Link</a",,,FALSE,,,2000,,"JSON, geoJSON, PBF",True,,esriMeters,,
arcgis/CHrailroad/Rail_Intercity_Stations,CHrailroad/Rail_Intercity_Stations,"<a href=""https://caltrans-gis.dot.ca.gov/arcgis/rest/services/CHrailroad/Rail_Intercity_Stations/MapServer"">ArcGIS REST Services Directory Link</a><br/><a href=""https://www.arcgis.com/apps/mapviewer/index.html?url=https://caltrans-gis.dot.ca.gov/arcgis/rest/services/CHrailroad/Rail_Intercity_Stations/MapServer&source=sd"">ArcGIS Map Link</a><br/><a href=""https://caltrans-gis.dot.ca.gov/arcgis/rest/services/CHrailroad/Rail_Intercity_Stations/MapServer/query"">ArcGIS Query Link</a",,,FALSE,,,2000,,"JSON, geoJSON, PBF",True,,esriMeters,,
arcgis/CHrailroad/Rail_Interstate_Routes,CHrailroad/Rail_Interstate_Routes,"<a href=""https://caltrans-gis.dot.ca.gov/arcgis/rest/services/CHrailroad/Rail_Interstate_Routes/MapServer"">ArcGIS REST Services Directory Link</a><br/><a href=""https://www.arcgis.com/apps/mapviewer/index.html?url=https://caltrans-gis.dot.ca.gov/arcgis/rest/services/CHrailroad/Rail_Interstate_Routes/MapServer&source=sd"">ArcGIS Map Link</a><br/><a href=""https://caltrans-gis.dot.ca.gov/arcgis/rest/services/CHrailroad/Rail_Interstate_Routes/MapServer/query"">ArcGIS Query Link</a",,,FALSE,,,2000,,"JSON, geoJSON, PBF",True,,esriMeters,,
arcgis/CHrailroad/Rail_Interstate_Stations,CHrailroad/Rail_Interstate_Stations,"<a href=""https://caltrans-gis.dot.ca.gov/arcgis/rest/services/CHrailroad/Rail_Interstate_Stations/MapServer"">ArcGIS REST Services Directory Link</a><br/><a href=""https://www.arcgis.com/apps/mapviewer/index.html?url=https://caltrans-gis.dot.ca.gov/arcgis/rest/services/CHrailroad/Rail_Interstate_Stations/MapServer&source=sd"">ArcGIS Map Link</a><br/><a href=""https://caltrans-gis.dot.ca.gov/arcgis/rest/services/CHrailroad/Rail_Interstate_Stations/MapServer/query"">ArcGIS Query Link</a",,,FALSE,,,2000,,"JSON, geoJSON, PBF",True,,esriMeters,,
arcgis/CHrailroad/Rail_Lines_BNSF_UPRR,CHrailroad/Rail_Lines_BNSF_UPRR,"<a href=""https://caltrans-gis.dot.ca.gov/arcgis/rest/services/CHrailroad/Rail_Lines_BNSF_UPRR/MapServer"">ArcGIS REST Services Directory Link</a><br/><a href=""https://www.arcgis.com/apps/mapviewer/index.html?url=https://caltrans-gis.dot.ca.gov/arcgis/rest/services/CHrailroad/Rail_Lines_BNSF_UPRR/MapServer&source=sd"">ArcGIS Map Link</a><br/><a href=""https://caltrans-gis.dot.ca.gov/arcgis/rest/services/CHrailroad/Rail_Lines_BNSF_UPRR/MapServer/query"">ArcGIS Query Link</a",,,FALSE,,,2000,,"JSON, geoJSON, PBF",True,,esriMeters,,
arcgis/CHrailroad/Rail_Mileposts,CHrailroad/Rail_Mileposts,"<a href=""https://caltrans-gis.dot.ca.gov/arcgis/rest/services/CHrailroad/Rail_Mileposts/MapServer"">ArcGIS REST Services Directory Link</a><br/><a href=""https://www.arcgis.com/apps/mapviewer/index.html?url=https://caltrans-gis.dot.ca.gov/arcgis/rest/services/CHrailroad/Rail_Mileposts/MapServer&source=sd"">ArcGIS Map Link</a><br/><a href=""https://caltrans-gis.dot.ca.gov/arcgis/rest/services/CHrailroad/Rail_Mileposts/MapServer/query"">ArcGIS Query Link</a",,,FALSE,,,2000,,"JSON, geoJSON, PBF",True,,esriMeters,,
arcgis/CHrailroad/Speeds_by_Route_Time_of_Day,CHrailroad/Speeds_by_Route_Time_of_Day,"<a href=""https://caltrans-gis.dot.ca.gov/arcgis/rest/services/CHrailroad/Speeds_by_Route_Time_of_Day/MapServer"">ArcGIS REST Services Directory Link</a><br/><a href=""https://www.arcgis.com/apps/mapviewer/index.html?url=https://caltrans-gis.dot.ca.gov/arcgis/rest/services/CHrailroad/Speeds_by_Route_Time_of_Day/MapServer&source=sd"">ArcGIS Map Link</a><br/><a href=""https://caltrans-gis.dot.ca.gov/arcgis/rest/services/CHrailroad/Speeds_by_Route_Time_of_Day/MapServer/query"">ArcGIS Query Link</a",,,FALSE,,,2000,,"JSON, geoJSON, PBF",True,,esriMeters,"Provide average transit speeds, number of trips by route-direction.",
arcgis/CHrailroad/Speeds_by_Stop_Segments,CHrailroad/Speeds_by_Stop_Segments,"<a href=""https://caltrans-gis.dot.ca.gov/arcgis/rest/services/CHrailroad/Speeds_by_Stop_Segments/MapServer"">ArcGIS REST Services Directory Link</a><br/><a href=""https://www.arcgis.com/apps/mapviewer/index.html?url=https://caltrans-gis.dot.ca.gov/arcgis/rest/services/CHrailroad/Speeds_by_Stop_Segments/MapServer&source=sd"">ArcGIS Map Link</a><br/><a href=""https://caltrans-gis.dot.ca.gov/arcgis/rest/services/CHrailroad/Speeds_by_Stop_Segments/MapServer/query"">ArcGIS Query Link</a",,,FALSE,,,2000,,"JSON, geoJSON, PBF",True,,esriMeters,"All day and peak transit 20th, 50th, and 80th percentile speeds on stop segments estimated on a single day for all CA transit operators that provide GTFS real-time vehicle positions data.",
arcgis/CHrailroad/Tunnels,CHrailroad/Tunnels,"<a href=""https://caltrans-gis.dot.ca.gov/arcgis/rest/services/CHrailroad/Tunnels/MapServer"">ArcGIS REST Services Directory Link</a><br/><a href=""https://www.arcgis.com/apps/mapviewer/index.html?url=https://caltrans-gis.dot.ca.gov/arcgis/rest/services/CHrailroad/Tunnels/MapServer&source=sd"">ArcGIS Map Link</a><br/><a href=""https://caltrans-gis.dot.ca.gov/arcgis/rest/services/CHrailroad/Tunnels/MapServer/query"">ArcGIS Query Link</a",,,FALSE,,,2000,,"JSON, geoJSON, PBF",True,,esriMeters,,
arcgis/D12/D12_Adopt_a_Highway,D12/D12_Adopt_a_Highway,"<a href=""https://caltrans-gis.dot.ca.gov/arcgis/rest/services/D12/D12_Adopt_a_Highway/MapServer"">ArcGIS REST Services Directory Link</a><br/><a href=""https://www.arcgis.com/apps/mapviewer/index.html?url=https://caltrans-gis.dot.ca.gov/arcgis/rest/services/D12/D12_Adopt_a_Highway/MapServer&source=sd"">ArcGIS Map Link</a><br/><a href=""https://caltrans-gis.dot.ca.gov/arcgis/rest/services/D12/D12_Adopt_a_Highway/MapServer/query"">ArcGIS Query Link</a",,,FALSE,,,2000,,"JSON, geoJSON, PBF",True,,esriMeters,,
arcgis/D12/D12_Park_and_Ride,D12/D12_Park_and_Ride,"<a href=""https://caltrans-gis.dot.ca.gov/arcgis/rest/services/D12/D12_Park_and_Ride/MapServer"">ArcGIS REST Services Directory Link</a><br/><a href=""https://www.arcgis.com/apps/mapviewer/index.html?url=https://caltrans-gis.dot.ca.gov/arcgis/rest/services/D12/D12_Park_and_Ride/MapServer&source=sd"">ArcGIS Map Link</a><br/><a href=""https://caltrans-gis.dot.ca.gov/arcgis/rest/services/D12/D12_Park_and_Ride/MapServer/query"">ArcGIS Query Link</a",,,FALSE,,,2000,,"JSON, geoJSON, PBF",True,,esriMeters,,
arcgis/D4/D4_Right_of_Way_Boundary,D4/D4_Right_of_Way_Boundary,"<a href=""https://caltrans-gis.dot.ca.gov/arcgis/rest/services/D4/D4_Right_of_Way_Boundary/MapServer"">ArcGIS REST Services Directory Link</a><br/><a href=""https://www.arcgis.com/apps/mapviewer/index.html?url=https://caltrans-gis.dot.ca.gov/arcgis/rest/services/D4/D4_Right_of_Way_Boundary/MapServer&source=sd"">ArcGIS Map Link</a><br/><a href=""https://caltrans-gis.dot.ca.gov/arcgis/rest/services/D4/D4_Right_of_Way_Boundary/MapServer/query"">ArcGIS Query Link</a",,,FALSE,,,2000,,"JSON, geoJSON, PBF",True,,esriMeters,,
arcgis/HQMaint/CEPS,HQMaint/CEPS,"<a href=""https://caltrans-gis.dot.ca.gov/arcgis/rest/services/HQMaint/CEPS/MapServer"">ArcGIS REST Services Directory Link</a><br/><a href=""https://www.arcgis.com/apps/mapviewer/index.html?url=https://caltrans-gis.dot.ca.gov/arcgis/rest/services/HQMaint/CEPS/MapServer&source=sd"">ArcGIS Map Link</a><br/><a href=""https://caltrans-gis.dot.ca.gov/arcgis/rest/services/HQMaint/CEPS/MapServer/query"">ArcGIS Query Link</a",,,FALSE,,,2000,,"JSON, geoJSON, PBF",True,,esriMeters,,
arcgis/HQohsip/NF_Facilities,HQohsip/NF_Facilities,"<a href=""https://caltrans-gis.dot.ca.gov/arcgis/rest/services/HQohsip/NF_Facilities/MapServer"">ArcGIS REST Services Directory Link</a><br/><a href=""https://www.arcgis.com/apps/mapviewer/index.html?url=https://caltrans-gis.dot.ca.gov/arcgis/rest/services/HQohsip/NF_Facilities/MapServer&source=sd"">ArcGIS Map Link</a><br/><a href=""https://caltrans-gis.dot.ca.gov/arcgis/rest/services/HQohsip/NF_Facilities/MapServer/query"">ArcGIS Query Link</a",,,FALSE,Caltrans,,2000,,"JSON, geoJSON, PBF",True,,esriMeters,"<DIV STYLE=""text-align:Left;font-size:12pt""><DIV><DIV><P><SPAN>This map provides information on officially named freeways; highways; structures such as bridges tunnels, and interchanges; Blue Star Memorial Highways; safety roadside rest areas; and memorial plaques in California that are a part of the California State Highway System. The data is based on the </SPAN><A href=""https://dot.ca.gov/-/media/dot-media/programs/research-innovation-system-information/documents/place-names/web-2020-named-freeways-final-a11y.pdf"" STYLE=""text-decoration:underline;""><SPAN>2020 Named Freeways, Highways, Structures and Other Appurtenances in California</SPAN></A><SPAN> Publication prepared by The California Department of Transportation.</SPAN></P></DIV></DIV></DIV>",
arcgis/HQohsip/NF_Signs,HQohsip/NF_Signs,"<a href=""https://caltrans-gis.dot.ca.gov/arcgis/rest/services/HQohsip/NF_Signs/MapServer"">ArcGIS REST Services Directory Link</a><br/><a href=""https://www.arcgis.com/apps/mapviewer/index.html?url=https://caltrans-gis.dot.ca.gov/arcgis/rest/services/HQohsip/NF_Signs/MapServer&source=sd"">ArcGIS Map Link</a><br/><a href=""https://caltrans-gis.dot.ca.gov/arcgis/rest/services/HQohsip/NF_Signs/MapServer/query"">ArcGIS Query Link</a",,,FALSE,,,2000,,"JSON, geoJSON, PBF",True,,esriMeters,,
arcgis/HQstatewide/DEA_Adaptation_Priority_Reports,HQstatewide/DEA_Adaptation_Priority_Reports,"<a href=""https://caltrans-gis.dot.ca.gov/arcgis/rest/services/HQstatewide/DEA_Adaptation_Priority_Reports/MapServer"">ArcGIS REST Services Directory Link</a><br/><a href=""https://www.arcgis.com/apps/mapviewer/index.html?url=https://caltrans-gis.dot.ca.gov/arcgis/rest/services/HQstatewide/DEA_Adaptation_Priority_Reports/MapServer&source=sd"">ArcGIS Map Link</a><br/><a href=""https://caltrans-gis.dot.ca.gov/arcgis/rest/services/HQstatewide/DEA_Adaptation_Priority_Reports/MapServer/query"">ArcGIS Query Link</a",,,FALSE,"Caltrans Division of Transportation Planning, Climate Change Branch ",,2000,,"JSON, geoJSON, PBF",True,,esriMeters,,
arcgis/HQstatewide/DEA_CoSMoS_SLR,HQstatewide/DEA_CoSMoS_SLR,"<a href=""https://caltrans-gis.dot.ca.gov/arcgis/rest/services/HQstatewide/DEA_CoSMoS_SLR/MapServer"">ArcGIS REST Services Directory Link</a><br/><a href=""https://www.arcgis.com/apps/mapviewer/index.html?url=https://caltrans-gis.dot.ca.gov/arcgis/rest/services/HQstatewide/DEA_CoSMoS_SLR/MapServer&source=sd"">ArcGIS Map Link</a><br/><a href=""https://caltrans-gis.dot.ca.gov/arcgis/rest/services/HQstatewide/DEA_CoSMoS_SLR/MapServer/query"">ArcGIS Query Link</a",,,FALSE,"Barnard, P.L., Erikson, L.H., Foxgrover, A.C., Limber, P.L., O'Neill, A.C., and Vitousek, S., 2018, for Coastal Storm Modeling System (CoSMoS) U.S. Geological Survey data release, https://doi.org/10.5066/P9NUO62B.",,2000,,"JSON, geoJSON, PBF",True,,esriMeters,,
arcgis/HQstatewide/DEA_Vulnerability_Assessments,HQstatewide/DEA_Vulnerability_Assessments,"<a href=""https://caltrans-gis.dot.ca.gov/arcgis/rest/services/HQstatewide/DEA_Vulnerability_Assessments/MapServer"">ArcGIS REST Services Directory Link</a><br/><a href=""https://www.arcgis.com/apps/mapviewer/index.html?url=https://caltrans-gis.dot.ca.gov/arcgis/rest/services/HQstatewide/DEA_Vulnerability_Assessments/MapServer&source=sd"">ArcGIS Map Link</a><br/><a href=""https://caltrans-gis.dot.ca.gov/arcgis/rest/services/HQstatewide/DEA_Vulnerability_Assessments/MapServer/query"">ArcGIS Query Link</a",,,FALSE,"Caltrans Division of Transportation Planning, Climate Change Branch",,2000,,"JSON, geoJSON, PBF",True,,esriMeters,,
arcgis/HQstatewide/Groundwater_SLR,HQstatewide/Groundwater_SLR,"<a href=""https://caltrans-gis.dot.ca.gov/arcgis/rest/services/HQstatewide/Groundwater_SLR/MapServer"">ArcGIS REST Services Directory Link</a><br/><a href=""https://www.arcgis.com/apps/mapviewer/index.html?url=https://caltrans-gis.dot.ca.gov/arcgis/rest/services/HQstatewide/Groundwater_SLR/MapServer&source=sd"">ArcGIS Map Link</a><br/><a href=""https://caltrans-gis.dot.ca.gov/arcgis/rest/services/HQstatewide/Groundwater_SLR/MapServer/query"">ArcGIS Query Link</a",,,FALSE,"U.S. Geological Survey; Befus, K.M., Hoover, D.J., Barnard, P.L., and Erikson, L.H., 2020, Projected responses of the coastal water table for California using present-day and future sea-level rise scenarios: U.S. Geological Survey data release, https://doi.org/10.5066/P9H5PBXP.",,2000,,"JSON, geoJSON, PBF",True,,esriMeters,,
arcgis/HQstatewide/Revised_Viable,HQstatewide/Revised_Viable,"<a href=""https://caltrans-gis.dot.ca.gov/arcgis/rest/services/HQstatewide/Revised_Viable/MapServer"">ArcGIS REST Services Directory Link</a><br/><a href=""https://www.arcgis.com/apps/mapviewer/index.html?url=https://caltrans-gis.dot.ca.gov/arcgis/rest/services/HQstatewide/Revised_Viable/MapServer&source=sd"">ArcGIS Map Link</a><br/><a href=""https://caltrans-gis.dot.ca.gov/arcgis/rest/services/HQstatewide/Revised_Viable/MapServer/query"">ArcGIS Query Link</a",,,FALSE,,,2000,,"JSON, geoJSON, PBF",True,,esriMeters,,
arcgis/RH/RestAPI,RH/RestAPI,"<a href=""https://caltrans-gis.dot.ca.gov/arcgis/rest/services/RH/RestAPI/MapServer"">ArcGIS REST Services Directory Link</a><br/><a href=""https://www.arcgis.com/apps/mapviewer/index.html?url=https://caltrans-gis.dot.ca.gov/arcgis/rest/services/RH/RestAPI/MapServer&source=sd"">ArcGIS Map Link</a><br/><a href=""https://caltrans-gis.dot.ca.gov/arcgis/rest/services/RH/RestAPI/MapServer/query"">ArcGIS Query Link</a",,,FALSE,,True,10000,,"JSON, geoJSON, PBF",True,,esriMeters,,
arcgis/SB1/BuildingCA_Projects,SB1/BuildingCA_Projects,"<a href=""https://caltrans-gis.dot.ca.gov/arcgis/rest/services/SB1/BuildingCA_Projects/MapServer"">ArcGIS REST Services Directory Link</a><br/><a href=""https://www.arcgis.com/apps/mapviewer/index.html?url=https://caltrans-gis.dot.ca.gov/arcgis/rest/services/SB1/BuildingCA_Projects/MapServer&source=sd"">ArcGIS Map Link</a><br/><a href=""https://caltrans-gis.dot.ca.gov/arcgis/rest/services/SB1/BuildingCA_Projects/MapServer/query"">ArcGIS Query Link</a",,,FALSE,,,20000,,"JSON, geoJSON, PBF",True,,esriMeters,,
arcgis/SB1/BuildingCA_Reference,SB1/BuildingCA_Reference,"<a href=""https://caltrans-gis.dot.ca.gov/arcgis/rest/services/SB1/BuildingCA_Reference/MapServer"">ArcGIS REST Services Directory Link</a><br/><a href=""https://www.arcgis.com/apps/mapviewer/index.html?url=https://caltrans-gis.dot.ca.gov/arcgis/rest/services/SB1/BuildingCA_Reference/MapServer&source=sd"">ArcGIS Map Link</a><br/><a href=""https://caltrans-gis.dot.ca.gov/arcgis/rest/services/SB1/BuildingCA_Reference/MapServer/query"">ArcGIS Query Link</a",,,FALSE,,,2000,,"JSON, geoJSON, PBF",True,,esriMeters,,
arcgis/SB1/ePPR_Project_Ref_Layer,SB1/ePPR_Project_Ref_Layer,"<a href=""https://caltrans-gis.dot.ca.gov/arcgis/rest/services/SB1/ePPR_Project_Ref_Layer/MapServer"">ArcGIS REST Services Directory Link</a><br/><a href=""https://www.arcgis.com/apps/mapviewer/index.html?url=https://caltrans-gis.dot.ca.gov/arcgis/rest/services/SB1/ePPR_Project_Ref_Layer/MapServer&source=sd"">ArcGIS Map Link</a><br/><a href=""https://caltrans-gis.dot.ca.gov/arcgis/rest/services/SB1/ePPR_Project_Ref_Layer/MapServer/query"">ArcGIS Query Link</a",,,FALSE,,,2000,,"JSON, geoJSON, PBF",True,,esriMeters,,
arcgis/SB1/project_point_single_referenced_pro_2_9_12_20250528,SB1/project_point_single_referenced_pro_2_9_12_20250528,"<a href=""https://caltrans-gis.dot.ca.gov/arcgis/rest/services/SB1/project_point_single_referenced_pro_2_9_12_20250528/MapServer"">ArcGIS REST Services Directory Link</a><br/><a href=""https://www.arcgis.com/apps/mapviewer/index.html?url=https://caltrans-gis.dot.ca.gov/arcgis/rest/services/SB1/project_point_single_referenced_pro_2_9_12_20250528/MapServer&source=sd"">ArcGIS Map Link</a><br/><a href=""https://caltrans-gis.dot.ca.gov/arcgis/rest/services/SB1/project_point_single_referenced_pro_2_9_12_20250528/MapServer/query"">ArcGIS Query Link</a",,,FALSE,,,2000,,"JSON, geoJSON, PBF",True,,esriMeters,,
arcgis/SB1_Test/BuildingCA_Projects_Test,SB1_Test/BuildingCA_Projects_Test,"<a href=""https://caltrans-gis.dot.ca.gov/arcgis/rest/services/SB1_Test/BuildingCA_Projects_Test/MapServer"">ArcGIS REST Services Directory Link</a><br/><a href=""https://www.arcgis.com/apps/mapviewer/index.html?url=https://caltrans-gis.dot.ca.gov/arcgis/rest/services/SB1_Test/BuildingCA_Projects_Test/MapServer&source=sd"">ArcGIS Map Link</a><br/><a href=""https://caltrans-gis.dot.ca.gov/arcgis/rest/services/SB1_Test/BuildingCA_Projects_Test/MapServer/query"">ArcGIS Query Link</a",,,FALSE,,,4000,,"JSON, geoJSON, PBF",True,,esriMeters,,
arcgis/SB1_Test/BuildingCA_Reference_Test,SB1_Test/BuildingCA_Reference_Test,"<a href=""https://caltrans-gis.dot.ca.gov/arcgis/rest/services/SB1_Test/BuildingCA_Reference_Test/MapServer"">ArcGIS REST Services Directory Link</a><br/><a href=""https://www.arcgis.com/apps/mapviewer/index.html?url=https://caltrans-gis.dot.ca.gov/arcgis/rest/services/SB1_Test/BuildingCA_Reference_Test/MapServer&source=sd"">ArcGIS Map Link</a><br/><a href=""https://caltrans-gis.dot.ca.gov/arcgis/rest/services/SB1_Test/BuildingCA_Reference_Test/MapServer/query"">ArcGIS Query Link</a",,,FALSE,,,2000,,"JSON, geoJSON, PBF",True,,esriMeters,,
arcgis/SB1_Test/Test_ePPR_Project_Ref_Layer,SB1_Test/Test_ePPR_Project_Ref_Layer,"<a href=""https://caltrans-gis.dot.ca.gov/arcgis/rest/services/SB1_Test/Test_ePPR_Project_Ref_Layer/MapServer"">ArcGIS REST Services Directory Link</a><br/><a href=""https://www.arcgis.com/apps/mapviewer/index.html?url=https://caltrans-gis.dot.ca.gov/arcgis/rest/services/SB1_Test/Test_ePPR_Project_Ref_Layer/MapServer&source=sd"">ArcGIS Map Link</a><br/><a href=""https://caltrans-gis.dot.ca.gov/arcgis/rest/services/SB1_Test/Test_ePPR_Project_Ref_Layer/MapServer/query"">ArcGIS Query Link</a",,,FALSE,,,2000,,"JSON, geoJSON, PBF",True,,esriMeters,,
